strain	virus	accession	date	country	division	location	host	segment	length	latitude	longitude
PV231441	Rift Valley fever virus	PV231441.1	2017				caprine	unknown	1071		
PV231440	Rift Valley fever virus	PV231440.1	2020				caprine	unknown	1071		
PV231439	Rift Valley fever virus	PV231439.1	2014				bovine	unknown	1071		
PV231438	Rift Valley fever virus	PV231438.1	2018				caprine	unknown	6404		
PV231437	Rift Valley fever virus	PV231437.1	2017				caprine	unknown	3096		
PV231436	Rift Valley fever virus	PV231436.1	2020				caprine	unknown	3096		
PV231435	Rift Valley fever virus	PV231435.1	2014				bovine	unknown	3096		
PV231434	Rift Valley fever virus	PV231434.1	2018				caprine	unknown	3885		
PV231433	Rift Valley fever virus	PV231433.1	2018				caprine	unknown	1690		
PV231432	Rift Valley fever virus	PV231432.1	2020				caprine	unknown	1690		
PQ753155	Rift Valley fever virus	PQ753155.1	2022-05-17				Culex quinquefasciatus	unknown	551		
PQ753154	Rift Valley fever virus	PQ753154.1	2022-05-26				Culex quinquefasciatus	unknown	551		
PQ753153	Rift Valley fever virus	PQ753153.1	2022-05-04				Anopheles gambiae s.l.	unknown	551		
PQ753152	Rift Valley fever virus	PQ753152.1	2022-04-27				Anopheles ziemanni	unknown	551		
PQ753151	Rift Valley fever virus	PQ753151.1	2022-04-26				Anopheles ziemanni	unknown	551		
PQ753150	Rift Valley fever virus	PQ753150.1	2022-05-17				Culex quinquefasciatus	unknown	494		
PQ753149	Rift Valley fever virus	PQ753149.1	2022-05-26				Culex quinquefasciatus	unknown	494		
PQ753148	Rift Valley fever virus	PQ753148.1	2022-05-04				Anopheles gambiae s.l.	unknown	494		
PQ753147	Rift Valley fever virus	PQ753147.1	2022-04-27				Anopheles ziemanni	unknown	494		
PQ753146	Rift Valley fever virus	PQ753146.1	2022-04-26				Anopheles ziemanni	unknown	494		
PP747243	Rift Valley fever virus	PP747243.1	2018-01-01				Bos taurus	unknown	1636		
PP747242	Rift Valley fever virus	PP747242.1	2018-01-01				Bos taurus	unknown	1614		
PP747241	Rift Valley fever virus	PP747241.1	2018-01-01				Bos taurus	unknown	1612		
PP747240	Rift Valley fever virus	PP747240.1	2021-01-16				Bos taurus	unknown	1599		
PP747239	Rift Valley fever virus	PP747239.1	2018-01-01				Bos taurus	unknown	1606		
PP747238	Rift Valley fever virus	PP747238.1	2018-01-01				Bos taurus	unknown	3840		
PP747237	Rift Valley fever virus	PP747237.1	2018-01-01				Bos taurus	unknown	3840		
PP747236	Rift Valley fever virus	PP747236.1	2018-01-01				Bos taurus	unknown	3840		
PP747235	Rift Valley fever virus	PP747235.1	2021-01-16				Bos taurus	unknown	3840		
PP747234	Rift Valley fever virus	PP747234.1	2018-01-01				Bos taurus	unknown	3840		
PP747233	Rift Valley fever virus	PP747233.1	2018-01-01				Bos taurus	unknown	6256		
PP747232	Rift Valley fever virus	PP747232.1	2018-01-01				Bos taurus	unknown	6232		
PP747231	Rift Valley fever virus	PP747231.1	2018-01-01				Bos taurus	unknown	6277		
PP747230	Rift Valley fever virus	PP747230.1	2021-01-16				Bos taurus	unknown	6232		
PP747229	Rift Valley fever virus	PP747229.1	2018-01-01				Bos taurus	unknown	6253		
PQ436088	Rift Valley fever virus	PQ436088.1	2023-01-30				Homo sapiens	unknown	5834		
PQ436087	Rift Valley fever virus	PQ436087.1	2023-02-01				Homo sapiens	unknown	6228		
PQ436086	Rift Valley fever virus	PQ436086.1	2022-04-10				Homo sapiens	unknown	6308		
PQ436085	Rift Valley fever virus	PQ436085.1	2022-03-10				Homo sapiens	unknown	5850		
PQ436084	Rift Valley fever virus	PQ436084.1	2023-01-30				Homo sapiens	unknown	3404		
PQ436083	Rift Valley fever virus	PQ436083.1	2023-02-01				Homo sapiens	unknown	3761		
PQ436082	Rift Valley fever virus	PQ436082.1	2022-04-10				Homo sapiens	unknown	3815		
PQ436081	Rift Valley fever virus	PQ436081.1	2022-03-10				Homo sapiens	unknown	3404		
PQ436080	Rift Valley fever virus	PQ436080.1	2023-01-30				Homo sapiens	unknown	1275		
PQ436079	Rift Valley fever virus	PQ436079.1	2023-02-01				Homo sapiens	unknown	1589		
PQ436078	Rift Valley fever virus	PQ436078.1	2022-04-10				Homo sapiens	unknown	1581		
PQ436077	Rift Valley fever virus	PQ436077.1	2022-03-10				Homo sapiens	unknown	1580		
PP541458	Rift Valley fever virus	PP541458.1	2022-11-17				Homo sapiens	unknown	1671		
PP541457	Rift Valley fever virus	PP541457.1	2022-11-17				Homo sapiens	unknown	3885		
PP541456	Rift Valley fever virus	PP541456.1	2022-11-11				Homo sapiens	unknown	6397		
PP541455	Rift Valley fever virus	PP541455.1	2022-11-11				Homo sapiens	unknown	1671		
PP541454	Rift Valley fever virus	PP541454.1	2022-11-11				Homo sapiens	unknown	3885		
PP541453	Rift Valley fever virus	PP541453.1	2022-11-11				Homo sapiens	unknown	6315		
PP746414	Rift Valley fever virus	PP746414.1	2022-07-29				Bos taurus	unknown	1658		
PP746413	Rift Valley fever virus	PP746413.1	2022-09-07				Bos taurus	unknown	1658		
PP746412	Rift Valley fever virus	PP746412.1	2022-09-07				Bos taurus	unknown	1658		
PP746411	Rift Valley fever virus	PP746411.1	2022-06-28				Bos taurus	unknown	1636		
PP746410	Rift Valley fever virus	PP746410.1	2022-06-28				Bos taurus	unknown	1657		
PP746409	Rift Valley fever virus	PP746409.1	2022-06-27				Bos taurus	unknown	1636		
PP746408	Rift Valley fever virus	PP746408.1	2022-03-07				Ovis aries	unknown	1658		
PP746407	Rift Valley fever virus	PP746407.1	2022-06-14				Bos taurus	unknown	1658		
PP746406	Rift Valley fever virus	PP746406.1	2022-09-06				Bos taurus	unknown	1658		
PP746405	Rift Valley fever virus	PP746405.1	2022-06-13				Bos taurus	unknown	1658		
PP746404	Rift Valley fever virus	PP746404.1	2022-06-22				Bos taurus	unknown	1658		
PP746403	Rift Valley fever virus	PP746403.1	2022-06-22				Bos taurus	unknown	1658		
PP746402	Rift Valley fever virus	PP746402.1	2022-12-06				Bos taurus	unknown	1658		
PP746401	Rift Valley fever virus	PP746401.1	2022-03-06				Bos taurus	unknown	1658		
PP746400	Rift Valley fever virus	PP746400.1	2022-09-06				Bos taurus	unknown	1658		
PP746399	Rift Valley fever virus	PP746399.1	2022-06-17				Bos taurus	unknown	1658		
PP746398	Rift Valley fever virus	PP746398.1	2022-03-07				Bos taurus	unknown	1658		
PP746397	Rift Valley fever virus	PP746397.1	2022-07-06				Bos taurus	unknown	1658		
PP746396	Rift Valley fever virus	PP746396.1	2022-06-25				Bos taurus	unknown	1658		
PP746395	Rift Valley fever virus	PP746395.1	2022-06-17				Bos taurus	unknown	1677		
PP746394	Rift Valley fever virus	PP746394.1	2022-06-25				Bos taurus	unknown	1658		
PP746393	Rift Valley fever virus	PP746393.1	2022-08-25				Bos taurus	unknown	1636		
PP746392	Rift Valley fever virus	PP746392.1	2022-06-17				Bos taurus	unknown	1635		
PP746391	Rift Valley fever virus	PP746391.1	2022-04-06				Bos taurus	unknown	1658		
PP746390	Rift Valley fever virus	PP746390.1	2022-11-06				Bos taurus	unknown	1636		
PP746389	Rift Valley fever virus	PP746389.1	2022-06-13				Bos taurus	unknown	1658		
PP746388	Rift Valley fever virus	PP746388.1	2022-07-06				Bos taurus	unknown	1658		
PP746387	Rift Valley fever virus	PP746387.1	2022-08-06				Bos taurus	unknown	1629		
PP746386	Rift Valley fever virus	PP746386.1	2022-01-07				Bos taurus	unknown	1658		
PP746385	Rift Valley fever virus	PP746385.1	2022-12-09				Bos taurus	unknown	1636		
PP746384	Rift Valley fever virus	PP746384.1	2022-09-06				Bos taurus	unknown	1665		
PP746383	Rift Valley fever virus	PP746383.1	2022-08-08				Bos taurus	unknown	1658		
PP746382	Rift Valley fever virus	PP746382.1	2022-08-08				Bos taurus	unknown	1658		
PP746381	Rift Valley fever virus	PP746381.1	2022-05-08				Bos taurus	unknown	1636		
PP746380	Rift Valley fever virus	PP746380.1	2022-07-31				Bos taurus	unknown	1636		
PP746379	Rift Valley fever virus	PP746379.1	2022-01-06				Bos taurus	unknown	1658		
PP746378	Rift Valley fever virus	PP746378.1	2022-07-29				Bos taurus	unknown	3513		
PP746377	Rift Valley fever virus	PP746377.1	2022-07-09				Bos taurus	unknown	3513		
PP746376	Rift Valley fever virus	PP746376.1	2022-07-09				Bos taurus	unknown	3531		
PP746375	Rift Valley fever virus	PP746375.1	2022-06-28				Bos taurus	unknown	3797		
PP746374	Rift Valley fever virus	PP746374.1	2022-06-28				Bos taurus	unknown	3513		
PP746373	Rift Valley fever virus	PP746373.1	2022-06-28				Bos taurus	unknown	3829		
PP746372	Rift Valley fever virus	PP746372.1	2022-06-27				Bos taurus	unknown	3858		
PP746371	Rift Valley fever virus	PP746371.1	2022-07-03				Ovis aries	unknown	3561		
PP746370	Rift Valley fever virus	PP746370.1	2022-06-14				Bos taurus	unknown	3513		
PP746369	Rift Valley fever virus	PP746369.1	2022-06-09				Bos taurus	unknown	3529		
PP746368	Rift Valley fever virus	PP746368.1	2022-06-13				Bos taurus	unknown	3513		
PP746367	Rift Valley fever virus	PP746367.1	2022-06-18				Bos taurus	unknown	3596		
PP746366	Rift Valley fever virus	PP746366.1	2022-06-22				Bos taurus	unknown	3840		
PP746365	Rift Valley fever virus	PP746365.1	2022-06-22				Bos taurus	unknown	3571		
PP746364	Rift Valley fever virus	PP746364.1	2022-06-12				Bos taurus	unknown	3568		
PP746363	Rift Valley fever virus	PP746363.1	2022-06-03				Bos taurus	unknown	3513		
PP746362	Rift Valley fever virus	PP746362.1	2022-06-09				Bos taurus	unknown	3840		
PP746361	Rift Valley fever virus	PP746361.1	2022-06-17				Bos taurus	unknown	3731		
PP746360	Rift Valley fever virus	PP746360.1	2022-07-03				Bos taurus	unknown	3558		
PP746359	Rift Valley fever virus	PP746359.1	2022-06-07				Bos taurus	unknown	3513		
PP746358	Rift Valley fever virus	PP746358.1	2022-06-17				Bos taurus	unknown	3840		
PP746357	Rift Valley fever virus	PP746357.1	2022-06-25				Bos taurus	unknown	3513		
PP746356	Rift Valley fever virus	PP746356.1	2022-09-28				Bos taurus	unknown	3587		
PP746355	Rift Valley fever virus	PP746355.1	2022-08-25				Bos taurus	unknown	3796		
PP746354	Rift Valley fever virus	PP746354.1	2022-06-04				Bos taurus	unknown	3541		
PP746353	Rift Valley fever virus	PP746353.1	2022-06-11				Bos taurus	unknown	3561		
PP746352	Rift Valley fever virus	PP746352.1	2022-06-13				Bos taurus	unknown	3847		
PP746351	Rift Valley fever virus	PP746351.1	2022-06-07				Bos taurus	unknown	3517		
PP746350	Rift Valley fever virus	PP746350.1	2022-06-08				Bos taurus	unknown	3774		
PP746349	Rift Valley fever virus	PP746349.1	2022-07-01				Bos taurus	unknown	3587		
PP746348	Rift Valley fever virus	PP746348.1	2022-09-12				Bos taurus	unknown	3567		
PP746347	Rift Valley fever virus	PP746347.1	2022-06-09				Bos taurus	unknown	3606		
PP746346	Rift Valley fever virus	PP746346.1	2022-08-08				Bos taurus	unknown	3570		
PP746345	Rift Valley fever virus	PP746345.1	2022-08-08				Bos taurus	unknown	3541		
PP746344	Rift Valley fever virus	PP746344.1	2022-08-05				Bos taurus	unknown	3534		
PP746343	Rift Valley fever virus	PP746343.1	2022-07-31				Bos taurus	unknown	3561		
PP746342	Rift Valley fever virus	PP746342.1	2022-06-01				Bos taurus	unknown	3513		
PP746341	Rift Valley fever virus	PP746341.1	2022-07-29				Bos taurus	unknown	5924		
PP746340	Rift Valley fever virus	PP746340.1	2022-07-09				Bos taurus	unknown	5924		
PP746339	Rift Valley fever virus	PP746339.1	2022-07-09				Bos taurus	unknown	5924		
PP746338	Rift Valley fever virus	PP746338.1	2022-06-28				Bos taurus	unknown	5924		
PP746337	Rift Valley fever virus	PP746337.1	2022-06-28				Bos taurus	unknown	6247		
PP746336	Rift Valley fever virus	PP746336.1	2022-06-27				Bos taurus	unknown	6223		
PP746335	Rift Valley fever virus	PP746335.1	2022-07-03				Ovis aries	unknown	6106		
PP746334	Rift Valley fever virus	PP746334.1	2022-06-09				Bos taurus	unknown	5924		
PP746333	Rift Valley fever virus	PP746333.1	2022-06-13				Bos taurus	unknown	5924		
PP746332	Rift Valley fever virus	PP746332.1	2022-06-18				Bos taurus	unknown	6243		
PP746331	Rift Valley fever virus	PP746331.1	2022-06-18				Bos taurus	unknown	6221		
PP746330	Rift Valley fever virus	PP746330.1	2022-06-22				Bos taurus	unknown	5924		
PP746329	Rift Valley fever virus	PP746329.1	2022-06-22				Bos taurus	unknown	5936		
PP746328	Rift Valley fever virus	PP746328.1	2022-06-12				Bos taurus	unknown	6222		
PP746327	Rift Valley fever virus	PP746327.1	2022-06-03				Bos taurus	unknown	5924		
PP746326	Rift Valley fever virus	PP746326.1	2022-06-09				Bos taurus	unknown	6234		
PP746325	Rift Valley fever virus	PP746325.1	2022-06-17				Bos taurus	unknown	5936		
PP746324	Rift Valley fever virus	PP746324.1	2022-07-03				Bos taurus	unknown	5936		
PP746323	Rift Valley fever virus	PP746323.1	2022-06-07				Bos taurus	unknown	5924		
PP746322	Rift Valley fever virus	PP746322.1	2022-06-17				Bos taurus	unknown	6232		
PP746321	Rift Valley fever virus	PP746321.1	2022-06-25				Bos taurus	unknown	5924		
PP746320	Rift Valley fever virus	PP746320.1	2022-09-28				Bos taurus	unknown	6261		
PP746319	Rift Valley fever virus	PP746319.1	2022-09-02				Bos taurus	unknown	6232		
PP746318	Rift Valley fever virus	PP746318.1	2022-08-25				Bos taurus	unknown	5924		
PP746317	Rift Valley fever virus	PP746317.1	2022-06-04				Bos taurus	unknown	5924		
PP746316	Rift Valley fever virus	PP746316.1	2022-06-11				Bos taurus	unknown	5924		
PP746315	Rift Valley fever virus	PP746315.1	2022-06-13				Bos taurus	unknown	6243		
PP746314	Rift Valley fever virus	PP746314.1	2022-06-07				Bos taurus	unknown	5924		
PP746313	Rift Valley fever virus	PP746313.1	2022-06-08				Bos taurus	unknown	6165		
PP746312	Rift Valley fever virus	PP746312.1	2022-07-08				Ovis aries	unknown	5937		
PP746311	Rift Valley fever virus	PP746311.1	2022-07-01				Bos taurus	unknown	5936		
PP746310	Rift Valley fever virus	PP746310.1	2022-09-12				Bos taurus	unknown	5924		
PP746309	Rift Valley fever virus	PP746309.1	2022-06-09				Bos taurus	unknown	5924		
PP746308	Rift Valley fever virus	PP746308.1	2022-08-08				Bos taurus	unknown	5924		
PP746307	Rift Valley fever virus	PP746307.1	2022-08-08				Bos taurus	unknown	5924		
PP746306	Rift Valley fever virus	PP746306.1	2022-08-05				Bos taurus	unknown	5924		
PP746305	Rift Valley fever virus	PP746305.1	2022-07-31				Bos taurus	unknown	5924		
PP746304	Rift Valley fever virus	PP746304.1	2022-06-01				Bos taurus	unknown	6111		
PP826244	Rift Valley fever virus	PP826244.1	2022-09-28				Bos taurus	unknown	3513		
OR844392	Rift Valley fever virus	OR844392.1						unknown	6404		
OR844391	Rift Valley fever virus	OR844391.1						unknown	3885		
OR844390	Rift Valley fever virus	OR844390.1						unknown	1691		
OR844389	Rift Valley fever virus	OR844389.1						unknown	6404		
OR844388	Rift Valley fever virus	OR844388.1						unknown	3885		
OR844387	Rift Valley fever virus	OR844387.1						unknown	1689		
OR805807	Rift Valley fever virus	OR805807.1	1977				Homo sapiens	unknown	1690		
OR805806	Rift Valley fever virus	OR805806.1	1977				Homo sapiens	unknown	3885		
OR805805	Rift Valley fever virus	OR805805.1	1977				Homo sapiens	unknown	6404		
PP746471	Rift Valley fever virus	PP746471.1	2007-01-11				Homo sapiens	unknown	1665		
PP746470	Rift Valley fever virus	PP746470.1	2007-01-11				Homo sapiens	unknown	3862		
PP746469	Rift Valley fever virus	PP746469.1	2007-01-11				Homo sapiens	unknown	6381		
PP746468	Rift Valley fever virus	PP746468.1	2020-11-01				Homo sapiens	unknown	1689		
PP746467	Rift Valley fever virus	PP746467.1	2007-01-03				Homo sapiens	unknown	1689		
PP746466	Rift Valley fever virus	PP746466.1	2019-02-01				Homo sapiens	unknown	1677		
PP746465	Rift Valley fever virus	PP746465.1	2007-01-01				Homo sapiens	unknown	1689		
PP746464	Rift Valley fever virus	PP746464.1	2007-01-01				Homo sapiens	unknown	1689		
PP746463	Rift Valley fever virus	PP746463.1	2007-01-01				Homo sapiens	unknown	1661		
PP746462	Rift Valley fever virus	PP746462.1	1998-02-10				Homo sapiens	unknown	1689		
PP746461	Rift Valley fever virus	PP746461.1	2020-11-01				Homo sapiens	unknown	1684		
PP746460	Rift Valley fever virus	PP746460.1	2020-11-01				Homo sapiens	unknown	3873		
PP746459	Rift Valley fever virus	PP746459.1	2007-01-03				Homo sapiens	unknown	3885		
PP746458	Rift Valley fever virus	PP746458.1	2019-02-01				Homo sapiens	unknown	3869		
PP746457	Rift Valley fever virus	PP746457.1	2007-01-01				Homo sapiens	unknown	3875		
PP746456	Rift Valley fever virus	PP746456.1	2007-01-01				Homo sapiens	unknown	3877		
PP746455	Rift Valley fever virus	PP746455.1	2007-01-01				Homo sapiens	unknown	3859		
PP746454	Rift Valley fever virus	PP746454.1	1998-02-10				Homo sapiens	unknown	3879		
PP746453	Rift Valley fever virus	PP746453.1	2020-11-01				Homo sapiens	unknown	3875		
PP746452	Rift Valley fever virus	PP746452.1	2020-11-01				Homo sapiens	unknown	6396		
PP746451	Rift Valley fever virus	PP746451.1	2007-01-03				Homo sapiens	unknown	6401		
PP746450	Rift Valley fever virus	PP746450.1	2019-02-01				Homo sapiens	unknown	6391		
PP746449	Rift Valley fever virus	PP746449.1	2007-01-01				Homo sapiens	unknown	6388		
PP746448	Rift Valley fever virus	PP746448.1	2007-01-01				Homo sapiens	unknown	6387		
PP746447	Rift Valley fever virus	PP746447.1	2007-01-01				Homo sapiens	unknown	6373		
PP746446	Rift Valley fever virus	PP746446.1	1998-02-10				Homo sapiens	unknown	6399		
PP746445	Rift Valley fever virus	PP746445.1	2020-11-01				Homo sapiens	unknown	6391		
PP746444	Rift Valley fever virus	PP746444.1	2007-01-01				Homo sapiens	unknown	1662		
PP746443	Rift Valley fever virus	PP746443.1	2007-01-01				Homo sapiens	unknown	1663		
PP746442	Rift Valley fever virus	PP746442.1	2007-01-03				Homo sapiens	unknown	1636		
PP746441	Rift Valley fever virus	PP746441.1	2007-01-01				Homo sapiens	unknown	3840		
PP746440	Rift Valley fever virus	PP746440.1	2007-01-01				Homo sapiens	unknown	3840		
PP746439	Rift Valley fever virus	PP746439.1	2007-01-03				Homo sapiens	unknown	3840		
PP746438	Rift Valley fever virus	PP746438.1	2007-01-01				Homo sapiens	unknown	6232		
PP746437	Rift Valley fever virus	PP746437.1	2007-01-01				Homo sapiens	unknown	6268		
PP746436	Rift Valley fever virus	PP746436.1	2007-01-03				Homo sapiens	unknown	6232		
PP746435	Rift Valley fever virus	PP746435.1	2007-01-11				Homo sapiens	unknown	1667		
PP746434	Rift Valley fever virus	PP746434.1	2007-01-01				Homo sapiens	unknown	1658		
PP746433	Rift Valley fever virus	PP746433.1	2007-01-01				Homo sapiens	unknown	1658		
PP746432	Rift Valley fever virus	PP746432.1	2018-06-27				Bos taurus	unknown	1662		
PP746431	Rift Valley fever virus	PP746431.1	2007-01-11				Homo sapiens	unknown	3840		
PP746430	Rift Valley fever virus	PP746430.1	2007-01-01				Homo sapiens	unknown	3840		
PP746429	Rift Valley fever virus	PP746429.1	2007-01-01				Homo sapiens	unknown	3840		
PP746428	Rift Valley fever virus	PP746428.1	2018-06-27				Bos taurus	unknown	3840		
PP746427	Rift Valley fever virus	PP746427.1	2007-01-11				Homo sapiens	unknown	6277		
PP746426	Rift Valley fever virus	PP746426.1	2007-01-01				Homo sapiens	unknown	6251		
PP746425	Rift Valley fever virus	PP746425.1	2007-01-01				Homo sapiens	unknown	6232		
PP746424	Rift Valley fever virus	PP746424.1	2018-06-27				Bos taurus	unknown	6331		
PP746423	Rift Valley fever virus	PP746423.1	2007-01-01				Homo sapiens	unknown	1673		
PP746422	Rift Valley fever virus	PP746422.1	2018-06-12				Homo sapiens	unknown	1663		
PP746421	Rift Valley fever virus	PP746421.1	2018-06-06				Homo sapiens	unknown	1670		
PP746420	Rift Valley fever virus	PP746420.1	2007-01-01				Homo sapiens	unknown	3874		
PP746419	Rift Valley fever virus	PP746419.1	2018-06-12				Homo sapiens	unknown	3863		
PP746418	Rift Valley fever virus	PP746418.1	2018-06-06				Homo sapiens	unknown	3875		
PP746417	Rift Valley fever virus	PP746417.1	2007-01-01				Homo sapiens	unknown	6386		
PP746416	Rift Valley fever virus	PP746416.1	2018-06-12				Homo sapiens	unknown	6384		
PP746415	Rift Valley fever virus	PP746415.1	2018-06-06				Homo sapiens	unknown	6385		
OR528953	Rift Valley fever virus	OR528953.1	2019-07-06				Cephalophorus callipygus	unknown	1690		
OR528952	Rift Valley fever virus	OR528952.1	2019-07-02				Philantomba monticola	unknown	1681		
OR528951	Rift Valley fever virus	OR528951.1	2019-07-01				Philantomba monticola	unknown	1690		
OR528950	Rift Valley fever virus	OR528950.1	2019-04-20				Philantomba monticola	unknown	1680		
OR972328	Rift Valley fever virus	OR972328.1	2018-07-16				Homo sapiens	unknown	1684		
OR972327	Rift Valley fever virus	OR972327.1	2018-07-16				Homo sapiens	unknown	3875		
OR972326	Rift Valley fever virus	OR972326.1	2018-07-16				Homo sapiens	unknown	6397		
OR780629	Rift Valley fever virus	OR780629.1	2022-05-19				Bos taurus	unknown	5924		
OR780628	Rift Valley fever virus	OR780628.1	2022-05-19				Bos taurus	unknown	5924		
OR780627	Rift Valley fever virus	OR780627.1	2022-05-19				Bos taurus	unknown	5924		
OR780626	Rift Valley fever virus	OR780626.1	2022-05-17				Bos taurus	unknown	6232		
OR780625	Rift Valley fever virus	OR780625.1	2022-05-17				Bos taurus	unknown	5924		
OR780624	Rift Valley fever virus	OR780624.1	2022-05-18				Bos taurus	unknown	3558		
OR780623	Rift Valley fever virus	OR780623.1	2022-05-19				Bos taurus	unknown	3568		
OR780622	Rift Valley fever virus	OR780622.1	2022-05-19				Bos taurus	unknown	3567		
OR780621	Rift Valley fever virus	OR780621.1	2022-05-19				Bos taurus	unknown	3571		
OR780620	Rift Valley fever virus	OR780620.1	2022-05-19				Bos taurus	unknown	3559		
OR780619	Rift Valley fever virus	OR780619.1	2022-05-17				Bos taurus	unknown	3571		
OR780618	Rift Valley fever virus	OR780618.1	2022-05-17				Bos taurus	unknown	3513		
OR780617	Rift Valley fever virus	OR780617.1	2022-05-19				Homo sapiens	unknown	1636		
OR780616	Rift Valley fever virus	OR780616.1	2022-05-19				Homo sapiens	unknown	1636		
OR780615	Rift Valley fever virus	OR780615.1	2022-05-19				Homo sapiens	unknown	1636		
OR780614	Rift Valley fever virus	OR780614.1	2022-05-17				Homo sapiens	unknown	1636		
OR780613	Rift Valley fever virus	OR780613.1	2022-05-17				Homo sapiens	unknown	1658		
OR125122	Rift Valley fever virus	OR125122.1	2018					unknown	3885		
OQ440157	Rift Valley fever virus	OQ440157.1	1977				Homo sapiens	unknown	738		
OQ440156	Rift Valley fever virus	OQ440156.1	1977				Homo sapiens	unknown	798		
OQ440155	Rift Valley fever virus	OQ440155.1	1977				Homo sapiens	unknown	3885		
OQ440154	Rift Valley fever virus	OQ440154.1	1977					unknown	6404		
OQ440153	Rift Valley fever virus	OQ440153.1					bovine	unknown	738		
OQ440152	Rift Valley fever virus	OQ440152.1					bovine	unknown	798		
OQ440151	Rift Valley fever virus	OQ440151.1					bovine	unknown	3885		
OQ440150	Rift Valley fever virus	OQ440150.1					bovine	unknown	6404		
OQ440149	Rift Valley fever virus	OQ440149.1	2016-07-21				Homo sapiens	unknown	738		
OQ440148	Rift Valley fever virus	OQ440148.1	2016-07-21				Homo sapiens	unknown	798		
OQ440147	Rift Valley fever virus	OQ440147.1	2016-07-21				Homo sapiens	unknown	3885		
OQ440146	Rift Valley fever virus	OQ440146.1	2016-07-21				Homo sapiens	unknown	6404		
OQ440145	Rift Valley fever virus	OQ440145.1	1955-07-09				Homo sapiens	unknown	738		
OQ440144	Rift Valley fever virus	OQ440144.1	1955-07-09				Homo sapiens	unknown	798		
OQ440143	Rift Valley fever virus	OQ440143.1	1955-07-09				Homo sapiens	unknown	3885		
OQ440142	Rift Valley fever virus	OQ440142.1	1955-07-09				Homo sapiens	unknown	6404		
OP146112	Rift Valley fever virus	OP146112.1	1974					unknown	1691		
OP146109	Rift Valley fever virus	OP146109.1	1944					unknown	1691		
OP146106	Rift Valley fever virus	OP146106.1	1974					unknown	1141		
OP146111	Rift Valley fever virus	OP146111.1	1974					unknown	3885		
OP146108	Rift Valley fever virus	OP146108.1	1944					unknown	3885		
OP146105	Rift Valley fever virus	OP146105.1	1974					unknown	3885		
OP146110	Rift Valley fever virus	OP146110.1	1974					unknown	6404		
OP146107	Rift Valley fever virus	OP146107.1	1944					unknown	6375		
OP146104	Rift Valley fever virus	OP146104.1	1974					unknown	6404		
ON060837	Rift Valley fever virus	ON060837.1					Homo sapiens	unknown	3839		
ON060832	Rift Valley fever virus	ON060832.1					Homo sapiens	unknown	3871		
ON060829	Rift Valley fever virus	ON060829.1					Homo sapiens	unknown	3861		
ON060826	Rift Valley fever virus	ON060826.1					Homo sapiens	unknown	3592		
ON060823	Rift Valley fever virus	ON060823.1					Homo sapiens	unknown	3564		
ON060820	Rift Valley fever virus	ON060820.1	2018				Homo sapiens	unknown	3885		
ON060817	Rift Valley fever virus	ON060817.1	2018				Homo sapiens	unknown	3867		
ON060814	Rift Valley fever virus	ON060814.1	2018				Homo sapiens	unknown	3867		
ON060809	Rift Valley fever virus	ON060809.1	2018				Homo sapiens	unknown	3867		
ON060806	Rift Valley fever virus	ON060806.1	2018				Homo sapiens	unknown	3867		
ON060803	Rift Valley fever virus	ON060803.1	2018				Homo sapiens	unknown	3849		
ON060800	Rift Valley fever virus	ON060800.1	2018				Homo sapiens	unknown	3883		
ON060797	Rift Valley fever virus	ON060797.1	2018				Homo sapiens	unknown	3828		
ON060794	Rift Valley fever virus	ON060794.1	2018				Homo sapiens	unknown	3833		
ON060791	Rift Valley fever virus	ON060791.1	2018				Homo sapiens	unknown	3869		
ON060788	Rift Valley fever virus	ON060788.1	2018				Homo sapiens	unknown	3848		
ON060785	Rift Valley fever virus	ON060785.1					Homo sapiens	unknown	3873		
ON060782	Rift Valley fever virus	ON060782.1	2018				Homo sapiens	unknown	3863		
ON060779	Rift Valley fever virus	ON060779.1	2018				Homo sapiens	unknown	3867		
ON060776	Rift Valley fever virus	ON060776.1	2018				Homo sapiens	unknown	3872		
ON060773	Rift Valley fever virus	ON060773.1	2019				Homo sapiens	unknown	3876		
ON060836	Rift Valley fever virus	ON060836.1	2017				Homo sapiens	unknown	6376		
ON060834	Rift Valley fever virus	ON060834.1	2018				Homo sapiens	unknown	6167		
ON060831	Rift Valley fever virus	ON060831.1	2018				Homo sapiens	unknown	6392		
ON060828	Rift Valley fever virus	ON060828.1	2018				Homo sapiens	unknown	6380		
ON060825	Rift Valley fever virus	ON060825.1	2018				Homo sapiens	unknown	6265		
ON060822	Rift Valley fever virus	ON060822.1	2018				Homo sapiens	unknown	6222		
ON060819	Rift Valley fever virus	ON060819.1	2018				Homo sapiens	unknown	6388		
ON060816	Rift Valley fever virus	ON060816.1	2018				Homo sapiens	unknown	6388		
ON060813	Rift Valley fever virus	ON060813.1	2018				Homo sapiens	unknown	6388		
ON060811	Rift Valley fever virus	ON060811.1	2018				Homo sapiens	unknown	6380		
ON060808	Rift Valley fever virus	ON060808.1	2018				Homo sapiens	unknown	6387		
ON060805	Rift Valley fever virus	ON060805.1	2018				Homo sapiens	unknown	6388		
ON060802	Rift Valley fever virus	ON060802.1	2018				Homo sapiens	unknown	6385		
ON060799	Rift Valley fever virus	ON060799.1	2018				Homo sapiens	unknown	6389		
ON060796	Rift Valley fever virus	ON060796.1	2018				Homo sapiens	unknown	6389		
ON060793	Rift Valley fever virus	ON060793.1	2018				Homo sapiens	unknown	6350		
ON060790	Rift Valley fever virus	ON060790.1	2018				Homo sapiens	unknown	6392		
ON060787	Rift Valley fever virus	ON060787.1	2018				Homo sapiens	unknown	6320		
ON060784	Rift Valley fever virus	ON060784.1	2017				Homo sapiens	unknown	6388		
ON060781	Rift Valley fever virus	ON060781.1	2018				Homo sapiens	unknown	6385		
ON060778	Rift Valley fever virus	ON060778.1	2018				Homo sapiens	unknown	6388		
ON060775	Rift Valley fever virus	ON060775.1	2018				Homo sapiens	unknown	6391		
ON060772	Rift Valley fever virus	ON060772.1	2019				Homo sapiens	unknown	6392		
ON060838	Rift Valley fever virus	ON060838.1					Homo sapiens	unknown	1667		
ON060835	Rift Valley fever virus	ON060835.1					Homo sapiens	unknown	1589		
ON060833	Rift Valley fever virus	ON060833.1					Homo sapiens	unknown	1674		
ON060830	Rift Valley fever virus	ON060830.1					Homo sapiens	unknown	1671		
ON060827	Rift Valley fever virus	ON060827.1					Homo sapiens	unknown	1618		
ON060824	Rift Valley fever virus	ON060824.1					Homo sapiens	unknown	1647		
ON060821	Rift Valley fever virus	ON060821.1	2018				Homo sapiens	unknown	1679		
ON060818	Rift Valley fever virus	ON060818.1	2018				Homo sapiens	unknown	1679		
ON060815	Rift Valley fever virus	ON060815.1	2018				Homo sapiens	unknown	1681		
ON060812	Rift Valley fever virus	ON060812.1	2018				Homo sapiens	unknown	1660		
ON060810	Rift Valley fever virus	ON060810.1	2018				Homo sapiens	unknown	1680		
ON060807	Rift Valley fever virus	ON060807.1	2018				Homo sapiens	unknown	1679		
ON060804	Rift Valley fever virus	ON060804.1	2018				Homo sapiens	unknown	1670		
ON060801	Rift Valley fever virus	ON060801.1	2018				Homo sapiens	unknown	1674		
ON060798	Rift Valley fever virus	ON060798.1	2018				Homo sapiens	unknown	1670		
ON060795	Rift Valley fever virus	ON060795.1	2018				Homo sapiens	unknown	1627		
ON060792	Rift Valley fever virus	ON060792.1	2018				Homo sapiens	unknown	1667		
ON060789	Rift Valley fever virus	ON060789.1	2018				Homo sapiens	unknown	1617		
ON060786	Rift Valley fever virus	ON060786.1					Homo sapiens	unknown	1681		
ON060783	Rift Valley fever virus	ON060783.1	2018				Homo sapiens	unknown	1670		
ON060780	Rift Valley fever virus	ON060780.1	2018				Homo sapiens	unknown	1680		
ON060777	Rift Valley fever virus	ON060777.1	2018				Homo sapiens	unknown	1678		
ON060774	Rift Valley fever virus	ON060774.1	2019				Homo sapiens	unknown	1683		
ON060771	Rift Valley fever virus	ON060771.1	2019				Homo sapiens	unknown	1586		
OQ077993	Rift Valley fever virus	OQ077993.1	2012				Homo sapiens	unknown	112		
OQ077992	Rift Valley fever virus	OQ077992.1	2012				Homo sapiens	unknown	324		
OM519316	Rift Valley fever virus	OM519316.1	2019-08-11				Culex sp.	unknown	624		
OM519315	Rift Valley fever virus	OM519315.1	2020-10-08				Bos taurus	unknown	624		
OM519314	Rift Valley fever virus	OM519314.1	2020-10-08				Ovis aries	unknown	624		
OM519313	Rift Valley fever virus	OM519313.1	2019-03-01				Bos taurus	unknown	624		
OM519312	Rift Valley fever virus	OM519312.1	2019-02-11				Homo sapiens	unknown	624		
OM519311	Rift Valley fever virus	OM519311.1	2021-03-26				Bos taurus	unknown	624		
OM519310	Rift Valley fever virus	OM519310.1	2021-03-26				Bos taurus	unknown	624		
OM519309	Rift Valley fever virus	OM519309.1	2021-03-26				Bos taurus	unknown	624		
OM519308	Rift Valley fever virus	OM519308.1	2021-03-26				Bos taurus	unknown	624		
ON856673	Rift Valley fever virus	ON856673.1	2022-01-25				Phlebotomus sp.	unknown	618		
ON856672	Rift Valley fever virus	ON856672.1	2022-01-25				Biting Midges	unknown	618		
ON856671	Rift Valley fever virus	ON856671.1	2022-01-25				Mansonia sp.	unknown	618		
ON872483	Rift Valley fever virus	ON872483.1	2018-07-03				cattle	unknown	833		
ON872482	Rift Valley fever virus	ON872482.1	2018-06-17				cattle	unknown	833		
ON872481	Rift Valley fever virus	ON872481.1	2018-05-16				cattle	unknown	833		
ON211622	Rift Valley fever virus	ON211622.1	2020-02-09				Vero cells	unknown	6404		
ON211621	Rift Valley fever virus	ON211621.1	2020-02-09				Vero cells	unknown	1690		
ON211620	Rift Valley fever virus	ON211620.1	2020-02-09				Vero cells	unknown	3521		
OK573013	Rift Valley fever virus	OK573013.1						unknown	872		
OK573012	Rift Valley fever virus	OK573012.1						unknown	3368		
OK573011	Rift Valley fever virus	OK573011.1						unknown	5004		
OK573010	Rift Valley fever virus	OK573010.1						unknown	7535		
OM744405	Rift Valley fever virus	OM744405.1	2016-06-21					unknown	1691		
OM744404	Rift Valley fever virus	OM744404.1	2016-06-21					unknown	3885		
OM744403	Rift Valley fever virus	OM744403.1	2016-06-21					unknown	6404		
OM744402	Rift Valley fever virus	OM744402.1	1974				cow	unknown	1691		
OM744401	Rift Valley fever virus	OM744401.1	1974				cow	unknown	3885		
OM744400	Rift Valley fever virus	OM744400.1	1974				cow	unknown	6404		
OK415596	Rift Valley fever virus	OK415596.1	2018				mosquito	unknown	232		
OK415595	Rift Valley fever virus	OK415595.1	2018				mosquito	unknown	2066		
OK415594	Rift Valley fever virus	OK415594.1	2018				mosquito	unknown	200		
OK415593	Rift Valley fever virus	OK415593.1	2018				mosquito	unknown	461		
OK415592	Rift Valley fever virus	OK415592.1	2018				mosquito	unknown	4410		
OK415591	Rift Valley fever virus	OK415591.1	2018				mosquito	unknown	1940		
OK415590	Rift Valley fever virus	OK415590.1	2018				mosquito	unknown	773		
OK392020	Rift Valley fever virus	OK392020.1	2018				mosquito	unknown	821		
OM744379	Rift Valley fever virus	OM744379.1	2021-07-15				Bos taurus	unknown	6400		
OM744378	Rift Valley fever virus	OM744378.1	2021-07-15				Bos taurus	unknown	6396		
OM744377	Rift Valley fever virus	OM744377.1	2021-07-15				Bos taurus	unknown	6397		
OM744376	Rift Valley fever virus	OM744376.1	2021-07-15				Bos taurus	unknown	6399		
OM744375	Rift Valley fever virus	OM744375.1	2021-07-15				Bos taurus	unknown	6397		
OM744374	Rift Valley fever virus	OM744374.1	2021-07-15				Bos taurus	unknown	1690		
OM744373	Rift Valley fever virus	OM744373.1	2021-07-15				Bos taurus	unknown	1689		
OM744372	Rift Valley fever virus	OM744372.1	2021-07-15				Bos taurus	unknown	1689		
OM744371	Rift Valley fever virus	OM744371.1	2021-07-15				Bos taurus	unknown	1690		
OM744370	Rift Valley fever virus	OM744370.1	2021-07-15				Bos taurus	unknown	1689		
OM744369	Rift Valley fever virus	OM744369.1	2021-07-15				Bos taurus	unknown	3881		
OM744368	Rift Valley fever virus	OM744368.1	2021-07-15				Bos taurus	unknown	3874		
OM744367	Rift Valley fever virus	OM744367.1	2021-07-15				Bos taurus	unknown	3879		
OM744366	Rift Valley fever virus	OM744366.1	2021-07-15				Bos taurus	unknown	3884		
OM744365	Rift Valley fever virus	OM744365.1	2021-07-15				Bos taurus	unknown	3882		
MZ513013	Rift Valley fever virus	MZ513013.1	2020				Homo sapiens	unknown	6292		
MZ513012	Rift Valley fever virus	MZ513012.1	2020				Homo sapiens	unknown	6400		
MZ513011	Rift Valley fever virus	MZ513011.1	2020				Homo sapiens	unknown	6376		
MZ513010	Rift Valley fever virus	MZ513010.1	2020				Homo sapiens	unknown	3857		
MZ513009	Rift Valley fever virus	MZ513009.1	2020				Homo sapiens	unknown	3600		
MZ513008	Rift Valley fever virus	MZ513008.1	2020				Homo sapiens	unknown	3428		
MZ513007	Rift Valley fever virus	MZ513007.1	2020				Homo sapiens	unknown	1358		
MZ513006	Rift Valley fever virus	MZ513006.1	2020				Homo sapiens	unknown	1407		
MZ513005	Rift Valley fever virus	MZ513005.1	2020				Homo sapiens	unknown	1396		
MW816827	Rift Valley fever virus	MW816827.1	2019-12-11				bat	unknown	599		
MW816826	Rift Valley fever virus	MW816826.1	2019-12-11				bat	unknown	599		
MW717938	Rift Valley fever virus	MW717938.1	2019-12-11				bat	unknown	510		
MW717937	Rift Valley fever virus	MW717937.1	2019-12-11				bat	unknown	513		
MW183126	Rift Valley fever virus	MW183126.1	2017				Aedes durbanensis	unknown	3562		
MW316062	Rift Valley fever virus	MW316062.1	2018				alpacas	unknown	221		
MW316061	Rift Valley fever virus	MW316061.1	2018				alpacas	unknown	221		
MW316060	Rift Valley fever virus	MW316060.1	2018				alpacas	unknown	498		
MW316059	Rift Valley fever virus	MW316059.1	2018				alpacas	unknown	498		
MW316058	Rift Valley fever virus	MW316058.1	2018				alpacas	unknown	314		
MW316057	Rift Valley fever virus	MW316057.1	2018				alpacas	unknown	314		
MT561464	Rift Valley fever virus	MT561464.1	2011-07-30				springbok	unknown	6345		
MT561461	Rift Valley fever virus	MT561461.1	2010-07-30				ovine	unknown	6404		
MT561463	Rift Valley fever virus	MT561463.1	2011-07-30				springbok	unknown	3830		
MT561460	Rift Valley fever virus	MT561460.1	2010-07-30				ovine	unknown	3885		
MT561462	Rift Valley fever virus	MT561462.1	2011-07-30				springbok	unknown	1690		
MT561459	Rift Valley fever virus	MT561459.1	2010-07-30				ovine	unknown	1690		
MG659990	Rift Valley fever virus	MG659990.1	1975				Homo sapiens	unknown	1691		
MG659989	Rift Valley fever virus	MG659989.1	1955				Aedes sp. (mosquito)	unknown	1691		
MG659988	Rift Valley fever virus	MG659988.1	1978				bovine	unknown	1691		
MG659987	Rift Valley fever virus	MG659987.1	1978				ovine	unknown	1691		
MG659986	Rift Valley fever virus	MG659986.1	1976				Homo sapiens	unknown	1691		
MG659985	Rift Valley fever virus	MG659985.1	1972				ovine	unknown	1690		
MG659984	Rift Valley fever virus	MG659984.1	1962				bovine	unknown	1691		
MG659983	Rift Valley fever virus	MG659983.1	2011				Homo sapiens	unknown	1690		
MG659982	Rift Valley fever virus	MG659982.1	2011				Homo sapiens	unknown	1690		
MG659981	Rift Valley fever virus	MG659981.1	2011				Homo sapiens	unknown	1690		
MG659980	Rift Valley fever virus	MG659980.1	2011				Homo sapiens	unknown	1690		
MG659979	Rift Valley fever virus	MG659979.1	2011				Homo sapiens	unknown	1690		
MG659978	Rift Valley fever virus	MG659978.1	2011				Homo sapiens	unknown	1690		
MG659977	Rift Valley fever virus	MG659977.1	2011				Homo sapiens	unknown	1692		
MG659976	Rift Valley fever virus	MG659976.1	2011				Homo sapiens	unknown	1690		
MG659975	Rift Valley fever virus	MG659975.1	2010				Homo sapiens	unknown	1690		
MG659974	Rift Valley fever virus	MG659974.1	2010				Homo sapiens	unknown	1690		
MG659973	Rift Valley fever virus	MG659973.1	2010				Homo sapiens	unknown	1692		
MG659972	Rift Valley fever virus	MG659972.1	2010				Homo sapiens	unknown	1690		
MG659971	Rift Valley fever virus	MG659971.1	2010				Homo sapiens	unknown	1690		
MG659970	Rift Valley fever virus	MG659970.1	2010				Homo sapiens	unknown	1692		
MG659969	Rift Valley fever virus	MG659969.1	2010				Homo sapiens	unknown	1691		
MG659968	Rift Valley fever virus	MG659968.1	2010				Homo sapiens	unknown	1690		
MG659967	Rift Valley fever virus	MG659967.1	2010				Homo sapiens	unknown	1690		
MG659966	Rift Valley fever virus	MG659966.1	2010				Homo sapiens	unknown	1690		
MG659965	Rift Valley fever virus	MG659965.1	2010				Homo sapiens	unknown	1690		
MG659964	Rift Valley fever virus	MG659964.1	2010				Homo sapiens	unknown	1690		
MG659963	Rift Valley fever virus	MG659963.1	2010				Homo sapiens	unknown	1691		
MG659962	Rift Valley fever virus	MG659962.1	2010				Homo sapiens	unknown	1691		
MG659961	Rift Valley fever virus	MG659961.1	2010				Homo sapiens	unknown	1690		
MG659960	Rift Valley fever virus	MG659960.1	2010				Homo sapiens	unknown	1690		
MG659959	Rift Valley fever virus	MG659959.1	2010				Homo sapiens	unknown	1690		
MG659958	Rift Valley fever virus	MG659958.1	2010				Homo sapiens	unknown	1690		
MG659957	Rift Valley fever virus	MG659957.1	2010				Homo sapiens	unknown	1690		
MG659956	Rift Valley fever virus	MG659956.1	2010				Homo sapiens	unknown	1690		
MG659955	Rift Valley fever virus	MG659955.1	2010				Homo sapiens	unknown	1691		
MG659954	Rift Valley fever virus	MG659954.1	2010				Homo sapiens	unknown	1691		
MG659953	Rift Valley fever virus	MG659953.1	2010				Homo sapiens	unknown	1690		
MG659952	Rift Valley fever virus	MG659952.1	2010				Homo sapiens	unknown	1690		
MG659951	Rift Valley fever virus	MG659951.1	2010				Homo sapiens	unknown	1690		
MG659950	Rift Valley fever virus	MG659950.1	2010				Homo sapiens	unknown	1690		
MG659949	Rift Valley fever virus	MG659949.1	2010				Homo sapiens	unknown	1690		
MG659948	Rift Valley fever virus	MG659948.1	2010				Homo sapiens	unknown	1690		
MG659947	Rift Valley fever virus	MG659947.1	2010				Homo sapiens	unknown	1690		
MG659946	Rift Valley fever virus	MG659946.1	2010				Homo sapiens	unknown	1690		
MG659945	Rift Valley fever virus	MG659945.1	2010				Homo sapiens	unknown	1690		
MG659944	Rift Valley fever virus	MG659944.1	2010				Homo sapiens	unknown	1690		
MG659943	Rift Valley fever virus	MG659943.1	2010				Homo sapiens	unknown	1690		
MG659942	Rift Valley fever virus	MG659942.1	2010				Homo sapiens	unknown	1690		
MG659941	Rift Valley fever virus	MG659941.1	2010				Homo sapiens	unknown	1690		
MG659940	Rift Valley fever virus	MG659940.1	2010				Homo sapiens	unknown	1690		
MG659939	Rift Valley fever virus	MG659939.1	2010				Homo sapiens	unknown	1690		
MG659938	Rift Valley fever virus	MG659938.1	2010				Homo sapiens	unknown	1690		
MG659937	Rift Valley fever virus	MG659937.1	2010				Homo sapiens	unknown	1690		
MG659936	Rift Valley fever virus	MG659936.1	2010				Homo sapiens	unknown	1690		
MG659935	Rift Valley fever virus	MG659935.1	2010				Homo sapiens	unknown	1691		
MG659934	Rift Valley fever virus	MG659934.1	2010				Homo sapiens	unknown	1691		
MG659933	Rift Valley fever virus	MG659933.1	2010				Homo sapiens	unknown	1690		
MG659932	Rift Valley fever virus	MG659932.1	2010				Homo sapiens	unknown	1690		
MG659931	Rift Valley fever virus	MG659931.1	2010				Homo sapiens	unknown	1691		
MG659930	Rift Valley fever virus	MG659930.1	2010				Homo sapiens	unknown	1691		
MG659929	Rift Valley fever virus	MG659929.1	2010				Homo sapiens	unknown	1690		
MG659928	Rift Valley fever virus	MG659928.1	2010				Homo sapiens	unknown	1690		
MG659927	Rift Valley fever virus	MG659927.1	2010				Homo sapiens	unknown	1690		
MG659926	Rift Valley fever virus	MG659926.1	2010				Homo sapiens	unknown	1690		
MG659925	Rift Valley fever virus	MG659925.1	2010				Homo sapiens	unknown	1690		
MG659924	Rift Valley fever virus	MG659924.1	2010				Homo sapiens	unknown	1690		
MG659923	Rift Valley fever virus	MG659923.1	2010				Homo sapiens	unknown	1690		
MG659922	Rift Valley fever virus	MG659922.1	2010				Homo sapiens	unknown	1690		
MG659921	Rift Valley fever virus	MG659921.1	2010				Homo sapiens	unknown	1690		
MG659920	Rift Valley fever virus	MG659920.1	2010				Homo sapiens	unknown	1690		
MG659919	Rift Valley fever virus	MG659919.1	2010				Homo sapiens	unknown	1690		
MG659918	Rift Valley fever virus	MG659918.1	2010				Homo sapiens	unknown	1690		
MG659917	Rift Valley fever virus	MG659917.1	2010				Homo sapiens	unknown	1690		
MG659916	Rift Valley fever virus	MG659916.1	2010				Homo sapiens	unknown	1690		
MG659915	Rift Valley fever virus	MG659915.1	2010				Homo sapiens	unknown	1690		
MG659914	Rift Valley fever virus	MG659914.1	2010				Homo sapiens	unknown	1690		
MG659913	Rift Valley fever virus	MG659913.1	2010				Homo sapiens	unknown	1690		
MG659912	Rift Valley fever virus	MG659912.1	2010				Homo sapiens	unknown	1690		
MG659911	Rift Valley fever virus	MG659911.1	2010				Homo sapiens	unknown	1690		
MG659910	Rift Valley fever virus	MG659910.1	2010				Homo sapiens	unknown	1690		
MG659909	Rift Valley fever virus	MG659909.1	2010				Homo sapiens	unknown	1690		
MG659908	Rift Valley fever virus	MG659908.1	2010				Homo sapiens	unknown	1690		
MG659907	Rift Valley fever virus	MG659907.1	2010				Homo sapiens	unknown	1691		
MG659906	Rift Valley fever virus	MG659906.1	2010				Homo sapiens	unknown	1690		
MG659905	Rift Valley fever virus	MG659905.1	1955				Aedes circumluteolus (mosquito)	unknown	1692		
MG659904	Rift Valley fever virus	MG659904.1	1975				Homo sapiens	unknown	6404		
MG659903	Rift Valley fever virus	MG659903.1	1955				Aedes sp. (mosquito)	unknown	6404		
MG659902	Rift Valley fever virus	MG659902.1	1978				bovine	unknown	6404		
MG659901	Rift Valley fever virus	MG659901.1	1978				ovine	unknown	6404		
MG659900	Rift Valley fever virus	MG659900.1	1976				Homo sapiens	unknown	6404		
MG659899	Rift Valley fever virus	MG659899.1	1972				ovine	unknown	6404		
MG659898	Rift Valley fever virus	MG659898.1	1962				bovine	unknown	6404		
MG659897	Rift Valley fever virus	MG659897.1	2011				Homo sapiens	unknown	6404		
MG659896	Rift Valley fever virus	MG659896.1	2011				Homo sapiens	unknown	6404		
MG659895	Rift Valley fever virus	MG659895.1	2011				Homo sapiens	unknown	6404		
MG659894	Rift Valley fever virus	MG659894.1	2011				Homo sapiens	unknown	6404		
MG659893	Rift Valley fever virus	MG659893.1	2011				Homo sapiens	unknown	6404		
MG659892	Rift Valley fever virus	MG659892.1	2011				Homo sapiens	unknown	6404		
MG659891	Rift Valley fever virus	MG659891.1	2011				Homo sapiens	unknown	6404		
MG659890	Rift Valley fever virus	MG659890.1	2011				Homo sapiens	unknown	6404		
MG659889	Rift Valley fever virus	MG659889.1	2010				Homo sapiens	unknown	6404		
MG659888	Rift Valley fever virus	MG659888.1	2010				Homo sapiens	unknown	6404		
MG659887	Rift Valley fever virus	MG659887.1	2010				Homo sapiens	unknown	6404		
MG659886	Rift Valley fever virus	MG659886.1	2010				Homo sapiens	unknown	6404		
MG659885	Rift Valley fever virus	MG659885.1	2010				Homo sapiens	unknown	6404		
MG659884	Rift Valley fever virus	MG659884.1	2010				Homo sapiens	unknown	6404		
MG659883	Rift Valley fever virus	MG659883.1	2010				Homo sapiens	unknown	6404		
MG659882	Rift Valley fever virus	MG659882.1	2010				Homo sapiens	unknown	6404		
MG659881	Rift Valley fever virus	MG659881.1	2010				Homo sapiens	unknown	6404		
MG659880	Rift Valley fever virus	MG659880.1	2010				Homo sapiens	unknown	6404		
MG659879	Rift Valley fever virus	MG659879.1	2010				Homo sapiens	unknown	6404		
MG659878	Rift Valley fever virus	MG659878.1	2010				Homo sapiens	unknown	6404		
MG659877	Rift Valley fever virus	MG659877.1	2010				Homo sapiens	unknown	6404		
MG659876	Rift Valley fever virus	MG659876.1	2010				Homo sapiens	unknown	6404		
MG659875	Rift Valley fever virus	MG659875.1	2010				Homo sapiens	unknown	6404		
MG659874	Rift Valley fever virus	MG659874.1	2010				Homo sapiens	unknown	6404		
MG659873	Rift Valley fever virus	MG659873.1	2010				Homo sapiens	unknown	6404		
MG659872	Rift Valley fever virus	MG659872.1	2010				Homo sapiens	unknown	6404		
MG659871	Rift Valley fever virus	MG659871.1	2010				Homo sapiens	unknown	6404		
MG659870	Rift Valley fever virus	MG659870.1	2010				Homo sapiens	unknown	6404		
MG659869	Rift Valley fever virus	MG659869.1	2010				Homo sapiens	unknown	6404		
MG659868	Rift Valley fever virus	MG659868.1	2010				Homo sapiens	unknown	6404		
MG659867	Rift Valley fever virus	MG659867.1	2010				Homo sapiens	unknown	6404		
MG659866	Rift Valley fever virus	MG659866.1	2010				Homo sapiens	unknown	6404		
MG659865	Rift Valley fever virus	MG659865.1	2010				Homo sapiens	unknown	6404		
MG659864	Rift Valley fever virus	MG659864.1	2010				Homo sapiens	unknown	6404		
MG659863	Rift Valley fever virus	MG659863.1	2010				Homo sapiens	unknown	6404		
MG659862	Rift Valley fever virus	MG659862.1	2010				Homo sapiens	unknown	6404		
MG659861	Rift Valley fever virus	MG659861.1	2010				Homo sapiens	unknown	6404		
MG659860	Rift Valley fever virus	MG659860.1	2010				Homo sapiens	unknown	6404		
MG659859	Rift Valley fever virus	MG659859.1	2010				Homo sapiens	unknown	6404		
MG659858	Rift Valley fever virus	MG659858.1	2010				Homo sapiens	unknown	6404		
MG659857	Rift Valley fever virus	MG659857.1	2010				Homo sapiens	unknown	6404		
MG659856	Rift Valley fever virus	MG659856.1	2010				Homo sapiens	unknown	6404		
MG659855	Rift Valley fever virus	MG659855.1	2010				Homo sapiens	unknown	6404		
MG659854	Rift Valley fever virus	MG659854.1	2010				Homo sapiens	unknown	6404		
MG659853	Rift Valley fever virus	MG659853.1	2010				Homo sapiens	unknown	6404		
MG659852	Rift Valley fever virus	MG659852.1	2010				Homo sapiens	unknown	6404		
MG659851	Rift Valley fever virus	MG659851.1	2010				Homo sapiens	unknown	6404		
MG659850	Rift Valley fever virus	MG659850.1	2010				Homo sapiens	unknown	6404		
MG659849	Rift Valley fever virus	MG659849.1	2010				Homo sapiens	unknown	6404		
MG659848	Rift Valley fever virus	MG659848.1	2010				Homo sapiens	unknown	6404		
MG659847	Rift Valley fever virus	MG659847.1	2010				Homo sapiens	unknown	6404		
MG659846	Rift Valley fever virus	MG659846.1	2010				Homo sapiens	unknown	6404		
MG659845	Rift Valley fever virus	MG659845.1	2010				Homo sapiens	unknown	6404		
MG659844	Rift Valley fever virus	MG659844.1	2010				Homo sapiens	unknown	6404		
MG659843	Rift Valley fever virus	MG659843.1	2010				Homo sapiens	unknown	6404		
MG659842	Rift Valley fever virus	MG659842.1	2010				Homo sapiens	unknown	6404		
MG659841	Rift Valley fever virus	MG659841.1	2010				Homo sapiens	unknown	6404		
MG659840	Rift Valley fever virus	MG659840.1	2010				Homo sapiens	unknown	6404		
MG659839	Rift Valley fever virus	MG659839.1	2010				Homo sapiens	unknown	6404		
MG659838	Rift Valley fever virus	MG659838.1	2010				Homo sapiens	unknown	6404		
MG659837	Rift Valley fever virus	MG659837.1	2010				Homo sapiens	unknown	6404		
MG659836	Rift Valley fever virus	MG659836.1	2010				Homo sapiens	unknown	6404		
MG659835	Rift Valley fever virus	MG659835.1	2010				Homo sapiens	unknown	6404		
MG659834	Rift Valley fever virus	MG659834.1	2010				Homo sapiens	unknown	6404		
MG659833	Rift Valley fever virus	MG659833.1	2010				Homo sapiens	unknown	6404		
MG659832	Rift Valley fever virus	MG659832.1	2010				Homo sapiens	unknown	6404		
MG659831	Rift Valley fever virus	MG659831.1	2010				Homo sapiens	unknown	6404		
MG659830	Rift Valley fever virus	MG659830.1	2010				Homo sapiens	unknown	6404		
MG659829	Rift Valley fever virus	MG659829.1	2010				Homo sapiens	unknown	6404		
MG659828	Rift Valley fever virus	MG659828.1	2010				Homo sapiens	unknown	6404		
MG659827	Rift Valley fever virus	MG659827.1	2010				Homo sapiens	unknown	6404		
MG659826	Rift Valley fever virus	MG659826.1	2010				Homo sapiens	unknown	6404		
MG659825	Rift Valley fever virus	MG659825.1	2010				Homo sapiens	unknown	6404		
MG659824	Rift Valley fever virus	MG659824.1	2010				Homo sapiens	unknown	6404		
MG659823	Rift Valley fever virus	MG659823.1	2010				Homo sapiens	unknown	6404		
MG659822	Rift Valley fever virus	MG659822.1	2010				Homo sapiens	unknown	6404		
MG659821	Rift Valley fever virus	MG659821.1	2010				Homo sapiens	unknown	6404		
MG659820	Rift Valley fever virus	MG659820.1	2010				Homo sapiens	unknown	6404		
MG659819	Rift Valley fever virus	MG659819.1	1955				Aedes circumluteolus (mosquito)	unknown	6404		
MG659818	Rift Valley fever virus	MG659818.1	1975				Homo sapiens	unknown	3885		
MG659817	Rift Valley fever virus	MG659817.1	1955				Aedes sp. (mosquito)	unknown	3885		
MG659816	Rift Valley fever virus	MG659816.1	1978				bovine	unknown	3885		
MG659815	Rift Valley fever virus	MG659815.1	1978				ovine	unknown	3885		
MG659814	Rift Valley fever virus	MG659814.1	1976				Homo sapiens	unknown	3885		
MG659813	Rift Valley fever virus	MG659813.1	1972				ovine	unknown	3885		
MG659812	Rift Valley fever virus	MG659812.1	1962				bovine	unknown	3885		
MG659811	Rift Valley fever virus	MG659811.1	2011				Homo sapiens	unknown	3885		
MG659810	Rift Valley fever virus	MG659810.1	2011				Homo sapiens	unknown	3885		
MG659809	Rift Valley fever virus	MG659809.1	2011				Homo sapiens	unknown	3885		
MG659808	Rift Valley fever virus	MG659808.1	2011				Homo sapiens	unknown	3885		
MG659807	Rift Valley fever virus	MG659807.1	2011				Homo sapiens	unknown	3885		
MG659806	Rift Valley fever virus	MG659806.1	2011				Homo sapiens	unknown	3885		
MG659805	Rift Valley fever virus	MG659805.1	2011				Homo sapiens	unknown	3885		
MG659804	Rift Valley fever virus	MG659804.1	2011				Homo sapiens	unknown	3885		
MG659803	Rift Valley fever virus	MG659803.1	2010				Homo sapiens	unknown	3885		
MG659802	Rift Valley fever virus	MG659802.1	2010				Homo sapiens	unknown	3885		
MG659801	Rift Valley fever virus	MG659801.1	2010				Homo sapiens	unknown	3885		
MG659800	Rift Valley fever virus	MG659800.1	2010				Homo sapiens	unknown	3885		
MG659799	Rift Valley fever virus	MG659799.1	2010				Homo sapiens	unknown	3885		
MG659798	Rift Valley fever virus	MG659798.1	2010				Homo sapiens	unknown	3885		
MG659797	Rift Valley fever virus	MG659797.1	2010				Homo sapiens	unknown	3885		
MG659796	Rift Valley fever virus	MG659796.1	2010				Homo sapiens	unknown	3885		
MG659795	Rift Valley fever virus	MG659795.1	2010				Homo sapiens	unknown	3885		
MG659794	Rift Valley fever virus	MG659794.1	2010				Homo sapiens	unknown	3885		
MG659793	Rift Valley fever virus	MG659793.1	2010				Homo sapiens	unknown	3885		
MG659792	Rift Valley fever virus	MG659792.1	2010				Homo sapiens	unknown	3885		
MG659791	Rift Valley fever virus	MG659791.1	2010				Homo sapiens	unknown	3885		
MG659790	Rift Valley fever virus	MG659790.1	2010				Homo sapiens	unknown	3885		
MG659789	Rift Valley fever virus	MG659789.1	2010				Homo sapiens	unknown	3885		
MG659788	Rift Valley fever virus	MG659788.1	2010				Homo sapiens	unknown	3885		
MG659787	Rift Valley fever virus	MG659787.1	2010				Homo sapiens	unknown	3885		
MG659786	Rift Valley fever virus	MG659786.1	2010				Homo sapiens	unknown	3885		
MG659785	Rift Valley fever virus	MG659785.1	2010				Homo sapiens	unknown	3885		
MG659784	Rift Valley fever virus	MG659784.1	2010				Homo sapiens	unknown	3885		
MG659783	Rift Valley fever virus	MG659783.1	2010				Homo sapiens	unknown	3885		
MG659782	Rift Valley fever virus	MG659782.1	2010				Homo sapiens	unknown	3885		
MG659781	Rift Valley fever virus	MG659781.1	2010				Homo sapiens	unknown	3885		
MG659780	Rift Valley fever virus	MG659780.1	2010				Homo sapiens	unknown	3885		
MG659779	Rift Valley fever virus	MG659779.1	2010				Homo sapiens	unknown	3885		
MG659778	Rift Valley fever virus	MG659778.1	2010				Homo sapiens	unknown	3885		
MG659777	Rift Valley fever virus	MG659777.1	2010				Homo sapiens	unknown	3885		
MG659776	Rift Valley fever virus	MG659776.1	2010				Homo sapiens	unknown	3885		
MG659775	Rift Valley fever virus	MG659775.1	2010				Homo sapiens	unknown	3885		
MG659774	Rift Valley fever virus	MG659774.1	2010				Homo sapiens	unknown	3885		
MG659773	Rift Valley fever virus	MG659773.1	2010				Homo sapiens	unknown	3885		
MG659772	Rift Valley fever virus	MG659772.1	2010				Homo sapiens	unknown	3885		
MG659771	Rift Valley fever virus	MG659771.1	2010				Homo sapiens	unknown	3885		
MG659770	Rift Valley fever virus	MG659770.1	2010				Homo sapiens	unknown	3885		
MG659769	Rift Valley fever virus	MG659769.1	2010				Homo sapiens	unknown	3885		
MG659768	Rift Valley fever virus	MG659768.1	2010				Homo sapiens	unknown	3885		
MG659767	Rift Valley fever virus	MG659767.1	2010				Homo sapiens	unknown	3885		
MG659766	Rift Valley fever virus	MG659766.1	2010				Homo sapiens	unknown	3885		
MG659765	Rift Valley fever virus	MG659765.1	2010				Homo sapiens	unknown	3885		
MG659764	Rift Valley fever virus	MG659764.1	2010				Homo sapiens	unknown	3885		
MG659763	Rift Valley fever virus	MG659763.1	2010				Homo sapiens	unknown	3885		
MG659762	Rift Valley fever virus	MG659762.1	2010				Homo sapiens	unknown	3885		
MG659761	Rift Valley fever virus	MG659761.1	2010				Homo sapiens	unknown	3885		
MG659760	Rift Valley fever virus	MG659760.1	2010				Homo sapiens	unknown	3885		
MG659759	Rift Valley fever virus	MG659759.1	2010				Homo sapiens	unknown	3885		
MG659758	Rift Valley fever virus	MG659758.1	2010				Homo sapiens	unknown	3885		
MG659757	Rift Valley fever virus	MG659757.1	2010				Homo sapiens	unknown	3885		
MG659756	Rift Valley fever virus	MG659756.1	2010				Homo sapiens	unknown	3885		
MG659755	Rift Valley fever virus	MG659755.1	2010				Homo sapiens	unknown	3885		
MG659754	Rift Valley fever virus	MG659754.1	2010				Homo sapiens	unknown	3885		
MG659753	Rift Valley fever virus	MG659753.1	2010				Homo sapiens	unknown	3885		
MG659752	Rift Valley fever virus	MG659752.1	2010				Homo sapiens	unknown	3885		
MG659751	Rift Valley fever virus	MG659751.1	2010				Homo sapiens	unknown	3885		
MG659750	Rift Valley fever virus	MG659750.1	2010				Homo sapiens	unknown	3885		
MG659749	Rift Valley fever virus	MG659749.1	2010				Homo sapiens	unknown	3885		
MG659748	Rift Valley fever virus	MG659748.1	2010				Homo sapiens	unknown	3885		
MG659747	Rift Valley fever virus	MG659747.1	2010				Homo sapiens	unknown	3885		
MG659746	Rift Valley fever virus	MG659746.1	2010				Homo sapiens	unknown	3885		
MG659745	Rift Valley fever virus	MG659745.1	2010				Homo sapiens	unknown	3885		
MG659744	Rift Valley fever virus	MG659744.1	2010				Homo sapiens	unknown	3885		
MG659743	Rift Valley fever virus	MG659743.1	2010				Homo sapiens	unknown	3885		
MG659742	Rift Valley fever virus	MG659742.1	2010				Homo sapiens	unknown	3885		
MG659741	Rift Valley fever virus	MG659741.1	2010				Homo sapiens	unknown	3885		
MG659740	Rift Valley fever virus	MG659740.1	2010				Homo sapiens	unknown	3885		
MG659739	Rift Valley fever virus	MG659739.1	2010				Homo sapiens	unknown	3885		
MG659738	Rift Valley fever virus	MG659738.1	2010				Homo sapiens	unknown	3885		
MG659737	Rift Valley fever virus	MG659737.1	2010				Homo sapiens	unknown	3885		
MG659736	Rift Valley fever virus	MG659736.1	2010				Homo sapiens	unknown	3885		
MG659735	Rift Valley fever virus	MG659735.1	2010				Homo sapiens	unknown	3885		
MG659734	Rift Valley fever virus	MG659734.1	2010				Homo sapiens	unknown	3885		
MG659733	Rift Valley fever virus	MG659733.1	1955				Aedes circumluteolus (mosquito)	unknown	3885		
KY196511	Rift Valley fever virus	KY196511.1	1999				African buffalo	unknown	1690		
KY196510	Rift Valley fever virus	KY196510.1	1981				Culex zombaensis	unknown	1690		
KY196509	Rift Valley fever virus	KY196509.1	1971				Eretmapodites quinquevittatus	unknown	1691		
KY196508	Rift Valley fever virus	KY196508.1	1956				ovine	unknown	1691		
KY196507	Rift Valley fever virus	KY196507.1	1955				Aedes circumluteolus	unknown	1691		
KY196506	Rift Valley fever virus	KY196506.1	2009				Homo sapiens	unknown	1690		
KY196505	Rift Valley fever virus	KY196505.1	2009				bovine	unknown	1689		
KY196504	Rift Valley fever virus	KY196504.1	2008				Homo sapiens	unknown	1692		
KY196503	Rift Valley fever virus	KY196503.1	2008				bovine	unknown	1692		
KY196502	Rift Valley fever virus	KY196502.1	2008				African buffalo	unknown	1692		
KY196501	Rift Valley fever virus	KY196501.1	2008				African buffalo	unknown	1689		
KY196500	Rift Valley fever virus	KY196500.1	2004				Homo sapiens	unknown	1690		
KY196499	Rift Valley fever virus	KY196499.1	2011				Homo sapiens	unknown	1690		
KY196498	Rift Valley fever virus	KY196498.1	2011				Homo sapiens	unknown	1690		
KY196497	Rift Valley fever virus	KY196497.1	2010				Homo sapiens	unknown	1690		
KY196496	Rift Valley fever virus	KY196496.1	2010				Homo sapiens	unknown	1691		
KY196495	Rift Valley fever virus	KY196495.1	2010				Homo sapiens	unknown	1690		
KY196494	Rift Valley fever virus	KY196494.1	2010				Homo sapiens	unknown	1691		
KY196493	Rift Valley fever virus	KY196493.1	2010				Homo sapiens	unknown	1690		
KY196492	Rift Valley fever virus	KY196492.1	2010				Homo sapiens	unknown	1691		
KY196491	Rift Valley fever virus	KY196491.1	2010				Homo sapiens	unknown	1690		
KY196490	Rift Valley fever virus	KY196490.1	2010				Homo sapiens	unknown	1691		
KY196489	Rift Valley fever virus	KY196489.1	2010				Homo sapiens	unknown	1690		
KY196488	Rift Valley fever virus	KY196488.1	2010				Homo sapiens	unknown	1690		
KY196487	Rift Valley fever virus	KY196487.1	2010				Homo sapiens	unknown	1690		
KY126714	Rift Valley fever virus	KY126714.1	1999				African buffalo	unknown	3885		
KY126713	Rift Valley fever virus	KY126713.1	1981				Culex zombaensis	unknown	3885		
KY126712	Rift Valley fever virus	KY126712.1	1971				Eretmapodites quinquevittatus	unknown	3885		
KY126711	Rift Valley fever virus	KY126711.1	1956				ovine	unknown	3885		
KY126710	Rift Valley fever virus	KY126710.1	1955				Aedes circumluteolus	unknown	3885		
KY126709	Rift Valley fever virus	KY126709.1	2009				Homo sapiens	unknown	3885		
KY126708	Rift Valley fever virus	KY126708.1	2009				bovine	unknown	3885		
KY126707	Rift Valley fever virus	KY126707.1	2008				Homo sapiens	unknown	3885		
KY126706	Rift Valley fever virus	KY126706.1	2008				bovine	unknown	3885		
KY126705	Rift Valley fever virus	KY126705.1	2008				African buffalo	unknown	3885		
KY126704	Rift Valley fever virus	KY126704.1	2008				African buffalo	unknown	3885		
KY126703	Rift Valley fever virus	KY126703.1	2004				Homo sapiens	unknown	3885		
KY126702	Rift Valley fever virus	KY126702.1	2011				Homo sapiens	unknown	3885		
KY126701	Rift Valley fever virus	KY126701.1	2011				Homo sapiens	unknown	3885		
KY126700	Rift Valley fever virus	KY126700.1	2010				Homo sapiens	unknown	3885		
KY126699	Rift Valley fever virus	KY126699.1	2010				Homo sapiens	unknown	3885		
KY126698	Rift Valley fever virus	KY126698.1	2010				Homo sapiens	unknown	3885		
KY126697	Rift Valley fever virus	KY126697.1	2010				Homo sapiens	unknown	3885		
KY126696	Rift Valley fever virus	KY126696.1	2010				Homo sapiens	unknown	3885		
KY126695	Rift Valley fever virus	KY126695.1	2010				Homo sapiens	unknown	3885		
KY126694	Rift Valley fever virus	KY126694.1	2010				Homo sapiens	unknown	3885		
KY126693	Rift Valley fever virus	KY126693.1	2010				Homo sapiens	unknown	3885		
KY126692	Rift Valley fever virus	KY126692.1	2010				Homo sapiens	unknown	3885		
KY126691	Rift Valley fever virus	KY126691.1	2010				Homo sapiens	unknown	3885		
KY126690	Rift Valley fever virus	KY126690.1	2010				Homo sapiens	unknown	3885		
KY126689	Rift Valley fever virus	KY126689.1	1999				African buffalo	unknown	6404		
KY126688	Rift Valley fever virus	KY126688.1	1981				Culex zombaensis	unknown	6404		
KY126687	Rift Valley fever virus	KY126687.1	1971				Eretmapodites quinquevittatus	unknown	6404		
KY126686	Rift Valley fever virus	KY126686.1	1956				ovine	unknown	6404		
KY126685	Rift Valley fever virus	KY126685.1	1955				Aedes circumluteolus	unknown	6404		
KY126684	Rift Valley fever virus	KY126684.1	2009				Homo sapiens	unknown	6404		
KY126683	Rift Valley fever virus	KY126683.1	2009				bovine	unknown	6404		
KY126682	Rift Valley fever virus	KY126682.1	2008				Homo sapiens	unknown	6404		
KY126681	Rift Valley fever virus	KY126681.1	2008				bovine	unknown	6404		
KY126680	Rift Valley fever virus	KY126680.1	2008				African buffalo	unknown	6404		
KY126679	Rift Valley fever virus	KY126679.1	2008				African buffalo	unknown	6404		
KY126678	Rift Valley fever virus	KY126678.1	2004				Homo sapiens	unknown	6404		
KY126677	Rift Valley fever virus	KY126677.1	2011				Homo sapiens	unknown	6404		
KY126676	Rift Valley fever virus	KY126676.1	2011				Homo sapiens	unknown	6404		
KY126675	Rift Valley fever virus	KY126675.1	2010				Homo sapiens	unknown	6404		
KY126674	Rift Valley fever virus	KY126674.1	2010				Homo sapiens	unknown	6404		
KY126673	Rift Valley fever virus	KY126673.1	2010				Homo sapiens	unknown	6404		
KY126672	Rift Valley fever virus	KY126672.1	2010				Homo sapiens	unknown	6404		
KY126671	Rift Valley fever virus	KY126671.1	2010				Homo sapiens	unknown	6404		
KY126670	Rift Valley fever virus	KY126670.1	2010				Homo sapiens	unknown	6404		
KY126669	Rift Valley fever virus	KY126669.1	2010				Homo sapiens	unknown	6404		
KY126668	Rift Valley fever virus	KY126668.1	2010				Homo sapiens	unknown	6404		
KY126667	Rift Valley fever virus	KY126667.1	2010				Homo sapiens	unknown	6404		
KY126666	Rift Valley fever virus	KY126666.1	2010				Homo sapiens	unknown	6404		
KY126665	Rift Valley fever virus	KY126665.1	2010				Homo sapiens	unknown	6404		
MG972980	Rift Valley fever virus	MG972980.1	2017-12-07				Homo sapiens	unknown	1581		
MG972979	Rift Valley fever virus	MG972979.1	2017-12-07				Homo sapiens	unknown	3817		
MG972978	Rift Valley fever virus	MG972978.1	2017-12-07				Homo sapiens	unknown	6332		
MG972977	Rift Valley fever virus	MG972977.1	2017-11-16				Homo sapiens	unknown	1686		
MG972976	Rift Valley fever virus	MG972976.1	2017-11-16				Homo sapiens	unknown	3879		
MG972975	Rift Valley fever virus	MG972975.1	2017-11-16				Homo sapiens	unknown	6397		
MG972974	Rift Valley fever virus	MG972974.1	2017-11-21				Homo sapiens	unknown	1644		
MG972973	Rift Valley fever virus	MG972973.1	2017-11-21				Homo sapiens	unknown	3852		
MG972972	Rift Valley fever virus	MG972972.1	2017-11-21				Homo sapiens	unknown	6321		
MG953425	Rift Valley fever virus	MG953425.1	2016-03-15				Homo sapiens	unknown	1675		
MG953419	Rift Valley fever virus	MG953419.1	2016-03-15				Homo sapiens	unknown	3841		
MH880842	Rift Valley fever virus	MH880842.1	2016				Homo sapiens	unknown	683		
MH880841	Rift Valley fever virus	MH880841.1	2016				Homo sapiens	unknown	683		
MG953426	Rift Valley fever virus	MG953426.1	2016-06-09				Homo sapiens	unknown	1641		
MG953424	Rift Valley fever virus	MG953424.1	2016-03-15				Homo sapiens	unknown	1615		
MG953423	Rift Valley fever virus	MG953423.1	2016-03-15				Homo sapiens	unknown	6227		
MG953422	Rift Valley fever virus	MG953422.1	2016-03-15				Homo sapiens	unknown	6373		
MG953421	Rift Valley fever virus	MG953421.1	2016-06-09				Homo sapiens	unknown	6366		
MG953420	Rift Valley fever virus	MG953420.1	2016-06-09				Homo sapiens	unknown	3815		
MG953418	Rift Valley fever virus	MG953418.1	2016-03-15				Homo sapiens	unknown	3576		
MG649061	Rift Valley fever virus	MG649061.1	2016-06-26				Homo sapiens	unknown	1690		
MG649060	Rift Valley fever virus	MG649060.1	2016-06-23				Homo sapiens	unknown	1689		
MG649059	Rift Valley fever virus	MG649059.1	2016-06-22				Homo sapiens	unknown	1691		
MG649058	Rift Valley fever virus	MG649058.1	2016-06-21				Homo sapiens	unknown	1690		
MG649057	Rift Valley fever virus	MG649057.1	2016-06-26				Homo sapiens	unknown	3882		
MG649056	Rift Valley fever virus	MG649056.1	2016-06-23				Homo sapiens	unknown	3879		
MG649055	Rift Valley fever virus	MG649055.1	2016-06-22				Homo sapiens	unknown	3884		
MG649054	Rift Valley fever virus	MG649054.1	2016-06-21				Homo sapiens	unknown	3878		
MG649053	Rift Valley fever virus	MG649053.1	2016-06-26				Homo sapiens	unknown	6389		
MG649052	Rift Valley fever virus	MG649052.1	2016-06-23				Homo sapiens	unknown	6402		
MG649051	Rift Valley fever virus	MG649051.1	2016-06-22				Homo sapiens	unknown	6400		
MG649050	Rift Valley fever virus	MG649050.1	2016-06-21				Homo sapiens	unknown	6395		
MG897467	Rift Valley fever virus	MG897467.1	2016				Homo sapiens	unknown	550		
MG897465	Rift Valley fever virus	MG897465.1	2016				Homo sapiens	unknown	794		
MG897464	Rift Valley fever virus	MG897464.1	2016				Homo sapiens	unknown	741		
MH175205	Rift Valley fever virus	MH175205.1					Homo sapiens	unknown	1689		
MH175204	Rift Valley fever virus	MH175204.1					Homo sapiens	unknown	3877		
MH175203	Rift Valley fever virus	MH175203.1					Homo sapiens	unknown	6401		
KX944871	Rift Valley fever virus	KX944871.1	2008				bovine	unknown	6397		
KX944870	Rift Valley fever virus	KX944870.1	2008				bovine	unknown	6360		
KX944869	Rift Valley fever virus	KX944869.1	2008				bovine	unknown	6392		
KX944868	Rift Valley fever virus	KX944868.1	2009				bovine	unknown	6333		
KX944867	Rift Valley fever virus	KX944867.1	1974				unknown	unknown	6280		
KX944866	Rift Valley fever virus	KX944866.1	2008				bovine	unknown	6404		
KX944865	Rift Valley fever virus	KX944865.1	2008				bovine	unknown	6404		
KX944864	Rift Valley fever virus	KX944864.1	2008				Buffalo	unknown	6404		
KX944863	Rift Valley fever virus	KX944863.1	2008				Buffalo	unknown	6404		
KX944862	Rift Valley fever virus	KX944862.1	2010				ovine	unknown	6404		
KX944861	Rift Valley fever virus	KX944861.1	2010				bovine	unknown	6393		
KX944860	Rift Valley fever virus	KX944860.1	2009				bovine	unknown	6390		
KX944859	Rift Valley fever virus	KX944859.1	2009				bovine	unknown	6403		
KX944858	Rift Valley fever virus	KX944858.1	2010				ovine	unknown	6398		
KX944857	Rift Valley fever virus	KX944857.1	2009				ovine	unknown	6390		
KX944856	Rift Valley fever virus	KX944856.1	2010				ovine	unknown	6329		
KX944855	Rift Valley fever virus	KX944855.1	1975				bovine	unknown	6388		
KX944854	Rift Valley fever virus	KX944854.1	1955				unknown	unknown	6373		
KX944853	Rift Valley fever virus	KX944853.1	2010				ovine	unknown	6294		
KX944852	Rift Valley fever virus	KX944852.1	2010				ovine	unknown	6403		
KX944851	Rift Valley fever virus	KX944851.1	2009				bovine	unknown	6404		
KX944850	Rift Valley fever virus	KX944850.1	2010				ovine	unknown	6329		
KX944849	Rift Valley fever virus	KX944849.1	2010				bovine	unknown	6380		
KX944848	Rift Valley fever virus	KX944848.1	2008				bovine	unknown	3885		
KX944847	Rift Valley fever virus	KX944847.1	2008				bovine	unknown	3876		
KX944846	Rift Valley fever virus	KX944846.1	2008				bovine	unknown	3879		
KX944845	Rift Valley fever virus	KX944845.1	2009				bovine	unknown	3877		
KX944844	Rift Valley fever virus	KX944844.1	1974				unknown	unknown	3867		
KX944843	Rift Valley fever virus	KX944843.1	2008				bovine	unknown	3885		
KX944842	Rift Valley fever virus	KX944842.1	2008				bovine	unknown	3885		
KX944841	Rift Valley fever virus	KX944841.1	2008				Buffalo	unknown	3885		
KX944840	Rift Valley fever virus	KX944840.1	2008				Buffalo	unknown	3885		
KX944839	Rift Valley fever virus	KX944839.1	2010				ovine	unknown	3878		
KX944838	Rift Valley fever virus	KX944838.1	2010				bovine	unknown	3879		
KX944837	Rift Valley fever virus	KX944837.1	2009				bovine	unknown	3866		
KX944836	Rift Valley fever virus	KX944836.1	2009				bovine	unknown	3880		
KX944835	Rift Valley fever virus	KX944835.1	2010				ovine	unknown	3878		
KX944834	Rift Valley fever virus	KX944834.1	2009				ovine	unknown	3884		
KX944833	Rift Valley fever virus	KX944833.1	2010				ovine	unknown	3875		
KX944832	Rift Valley fever virus	KX944832.1	1975				bovine	unknown	3838		
KX944831	Rift Valley fever virus	KX944831.1	1955				unknown	unknown	3885		
KX944830	Rift Valley fever virus	KX944830.1	2010				ovine	unknown	3878		
KX944829	Rift Valley fever virus	KX944829.1	2010				ovine	unknown	3876		
KX944828	Rift Valley fever virus	KX944828.1	2009				bovine	unknown	3879		
KX944827	Rift Valley fever virus	KX944827.1	2010				ovine	unknown	3875		
KX944826	Rift Valley fever virus	KX944826.1	2010				bovine	unknown	3877		
KX944825	Rift Valley fever virus	KX944825.1	2008				bovine	unknown	1691		
KX944824	Rift Valley fever virus	KX944824.1	2008				bovine	unknown	1638		
KX944823	Rift Valley fever virus	KX944823.1	2008				bovine	unknown	1645		
KX944822	Rift Valley fever virus	KX944822.1	2009				bovine	unknown	1689		
KX944821	Rift Valley fever virus	KX944821.1	1974				unknown	unknown	1654		
KX944820	Rift Valley fever virus	KX944820.1	2008				bovine	unknown	1691		
KX944819	Rift Valley fever virus	KX944819.1	2008				bovine	unknown	1691		
KX944818	Rift Valley fever virus	KX944818.1	2008				Buffalo	unknown	1691		
KX944817	Rift Valley fever virus	KX944817.1	2008				Buffalo	unknown	1691		
KX944816	Rift Valley fever virus	KX944816.1	2010				ovine	unknown	1676		
KX944815	Rift Valley fever virus	KX944815.1	2010				bovine	unknown	1617		
KX944814	Rift Valley fever virus	KX944814.1	2009				bovine	unknown	1626		
KX944813	Rift Valley fever virus	KX944813.1	2010				ovine	unknown	1661		
KX944812	Rift Valley fever virus	KX944812.1	2009				bovine	unknown	1638		
KX944811	Rift Valley fever virus	KX944811.1	2009				ovine	unknown	1678		
KX944810	Rift Valley fever virus	KX944810.1	2010				ovine	unknown	1676		
KX944809	Rift Valley fever virus	KX944809.1	2010				ovine	unknown	1654		
KX944808	Rift Valley fever virus	KX944808.1	1975				bovine	unknown	1653		
KX944807	Rift Valley fever virus	KX944807.1	1955				unknown	unknown	1655		
KX944806	Rift Valley fever virus	KX944806.1	2010				ovine	unknown	1675		
KX944805	Rift Valley fever virus	KX944805.1	2010				ovine	unknown	1676		
KX944804	Rift Valley fever virus	KX944804.1	2009				bovine	unknown	1635		
KX944803	Rift Valley fever virus	KX944803.1	2010				bovine	unknown	1672		
NC_014395	Rift Valley fever virus	NC_014395.1	1977				Homo sapiens	unknown	1690		
NC_014396	Rift Valley fever virus	NC_014396.1	1977				Homo sapiens	unknown	3885		
NC_014397	Rift Valley fever virus	NC_014397.1	1977					unknown	6404		
MF405141	Rift Valley fever virus	MF405141.1	Oct-2010				Culex sp.	unknown	736		
KY926697	Rift Valley fever virus	KY926697.1	2017-04-10					unknown	1147		
KU746664	Rift Valley fever virus	KU746664.1	2010-10-20				Homo sapiens	unknown	219		
KY366333	Rift Valley fever virus	KY366333.1	2015				Homo sapiens	unknown	6179		
KY366332	Rift Valley fever virus	KY366332.1	2015				Homo sapiens	unknown	3765		
KY366331	Rift Valley fever virus	KY366331.1	2015				Homo sapiens	unknown	1468		
KY366330	Rift Valley fever virus	KY366330.1	2015				Homo sapiens	unknown	6176		
KY366329	Rift Valley fever virus	KY366329.1	2015				Homo sapiens	unknown	3774		
KY366328	Rift Valley fever virus	KY366328.1	2015				Homo sapiens	unknown	1605		
KY366327	Rift Valley fever virus	KY366327.1	2015				Homo sapiens	unknown	6094		
KY366326	Rift Valley fever virus	KY366326.1	2015				Homo sapiens	unknown	3684		
KY366325	Rift Valley fever virus	KY366325.1					Homo sapiens	unknown	1498		
KX785332	Rift Valley fever virus	KX785332.1	2016-07-21				Homo sapiens	unknown	6404		
KX785331	Rift Valley fever virus	KX785331.1	2016-07-21				Homo sapiens	unknown	3885		
KX785330	Rift Valley fever virus	KX785330.1	2016-07-21				Homo sapiens	unknown	1691		
KU978773	Rift Valley fever virus	KU978773.1	1969-01-01				Homo sapiens	unknown	1707		
KU978776	Rift Valley fever virus	KU978776.1	1969-01-01				Homo sapiens	unknown	3951		
KU978779	Rift Valley fever virus	KU978779.1	1969-01-01				Homo sapiens	unknown	6453		
KU978774	Rift Valley fever virus	KU978774.1	1998-01-04				Homo sapiens	unknown	1636		
KU978777	Rift Valley fever virus	KU978777.1	1998-01-04				Homo sapiens	unknown	3850		
KU978780	Rift Valley fever virus	KU978780.1	1998-01-04				Homo sapiens	unknown	6431		
KU978775	Rift Valley fever virus	KU978775.1	2000-08-25				Homo sapiens	unknown	1729		
KU978778	Rift Valley fever virus	KU978778.1	2000-08-25				Homo sapiens	unknown	3952		
KU978781	Rift Valley fever virus	KU978781.1	2000-08-25				Homo sapiens	unknown	6441		
KX503063	Rift Valley fever virus	KX503063.1	2013-03-21				cattle	unknown	405		
KX503062	Rift Valley fever virus	KX503062.1	2013-03-21				cattle	unknown	371		
KX611607	Rift Valley fever virus	KX611607.1	2016-07-22				Homo sapiens	unknown	1690		
KX611606	Rift Valley fever virus	KX611606.1	2016-07-22				Homo sapiens	unknown	3885		
KX611605	Rift Valley fever virus	KX611605.1	2016-07-22				Homo sapiens	unknown	6404		
KX609033	Rift Valley fever virus	KX609033.1	2016-07-21				Homo sapiens	unknown	1691		
KX609032	Rift Valley fever virus	KX609032.1	2016-07-21				Homo sapiens	unknown	3885		
KX609031	Rift Valley fever virus	KX609031.1	2016-07-21				Homo sapiens	unknown	6404		
KX632068	Rift Valley fever virus	KX632068.1	2016-07-22				Homo sapiens	unknown	1686		
KX632067	Rift Valley fever virus	KX632067.1	2016-07-22				Homo sapiens	unknown	3872		
KX632066	Rift Valley fever virus	KX632066.1	2016-07-22				Homo sapiens	unknown	6402		
AF393746	Rift Valley fever virus	AF393746.1						unknown	129		
AF393745	Rift Valley fever virus	AF393745.1						unknown	730		
AF393744	Rift Valley fever virus	AF393744.1						unknown	602		
AF134801	Rift Valley fever virus	AF134801.1						unknown	129		
AF134800	Rift Valley fever virus	AF134800.1						unknown	129		
AF134799	Rift Valley fever virus	AF134799.1						unknown	129		
AF134798	Rift Valley fever virus	AF134798.1						unknown	129		
AF134797	Rift Valley fever virus	AF134797.1						unknown	129		
AF134796	Rift Valley fever virus	AF134796.1						unknown	129		
AF134795	Rift Valley fever virus	AF134795.1						unknown	129		
AF134794	Rift Valley fever virus	AF134794.1						unknown	129		
AF134793	Rift Valley fever virus	AF134793.1						unknown	129		
AF134792	Rift Valley fever virus	AF134792.1						unknown	129		
AF134791	Rift Valley fever virus	AF134791.1						unknown	129		
AF134790	Rift Valley fever virus	AF134790.1						unknown	129		
AF134789	Rift Valley fever virus	AF134789.1						unknown	129		
AF134788	Rift Valley fever virus	AF134788.1						unknown	129		
AF134787	Rift Valley fever virus	AF134787.1						unknown	129		
AF134786	Rift Valley fever virus	AF134786.1						unknown	129		
AF134785	Rift Valley fever virus	AF134785.1						unknown	129		
AF134784	Rift Valley fever virus	AF134784.1						unknown	129		
AF134783	Rift Valley fever virus	AF134783.1						unknown	129		
AF134782	Rift Valley fever virus	AF134782.1						unknown	129		
AF134551	Rift Valley fever virus	AF134551.1						unknown	142		
AF134550	Rift Valley fever virus	AF134550.1						unknown	142		
AF134549	Rift Valley fever virus	AF134549.1						unknown	142		
AF134548	Rift Valley fever virus	AF134548.1						unknown	142		
AF134547	Rift Valley fever virus	AF134547.1						unknown	142		
AF134546	Rift Valley fever virus	AF134546.1						unknown	142		
AF134545	Rift Valley fever virus	AF134545.1						unknown	142		
AF134544	Rift Valley fever virus	AF134544.1						unknown	142		
AF134543	Rift Valley fever virus	AF134543.1						unknown	142		
AF134542	Rift Valley fever virus	AF134542.1						unknown	142		
AF134541	Rift Valley fever virus	AF134541.1						unknown	142		
AF134540	Rift Valley fever virus	AF134540.1						unknown	142		
AF134539	Rift Valley fever virus	AF134539.1						unknown	142		
AF134538	Rift Valley fever virus	AF134538.1						unknown	142		
AF134537	Rift Valley fever virus	AF134537.1						unknown	142		
AF134536	Rift Valley fever virus	AF134536.1						unknown	144		
AF134508	Rift Valley fever virus	AF134508.1						unknown	655		
AF134507	Rift Valley fever virus	AF134507.1						unknown	725		
AF134506	Rift Valley fever virus	AF134506.1						unknown	727		
AF134505	Rift Valley fever virus	AF134505.1						unknown	727		
AF134504	Rift Valley fever virus	AF134504.1						unknown	726		
AF134503	Rift Valley fever virus	AF134503.1						unknown	731		
AF134502	Rift Valley fever virus	AF134502.1						unknown	738		
AF134501	Rift Valley fever virus	AF134501.1						unknown	738		
AF134500	Rift Valley fever virus	AF134500.1						unknown	731		
AF134499	Rift Valley fever virus	AF134499.1						unknown	731		
AF134498	Rift Valley fever virus	AF134498.1						unknown	738		
AF134497	Rift Valley fever virus	AF134497.1						unknown	737		
AF134496	Rift Valley fever virus	AF134496.1						unknown	738		
AF134495	Rift Valley fever virus	AF134495.1						unknown	738		
AF134494	Rift Valley fever virus	AF134494.1						unknown	737		
AF134493	Rift Valley fever virus	AF134493.1						unknown	738		
AF134492	Rift Valley fever virus	AF134492.1						unknown	730		
GQ443256	Rift Valley fever virus	GQ443256.1	2008-04-23				Homo sapiens	unknown	756		
GQ443255	Rift Valley fever virus	GQ443255.1	2008-04-29				Homo sapiens	unknown	756		
GQ443254	Rift Valley fever virus	GQ443254.1	2008-05-25				Homo sapiens	unknown	756		
GQ443253	Rift Valley fever virus	GQ443253.1	2008-04-25				Bos taurus	unknown	756		
GQ443252	Rift Valley fever virus	GQ443252.1	2008-04-20				Ovis aries	unknown	756		
GQ443251	Rift Valley fever virus	GQ443251.1	2008-04-18				Bos taurus	unknown	756		
GQ443250	Rift Valley fever virus	GQ443250.1	2008-04-15				Homo sapiens	unknown	756		
GQ443249	Rift Valley fever virus	GQ443249.1	2008-04-13				Capra hircus	unknown	756		
GQ443248	Rift Valley fever virus	GQ443248.1	2008-03-28				Homo sapiens	unknown	756		
GQ443247	Rift Valley fever virus	GQ443247.1	2008-03-26				Homo sapiens	unknown	756		
GQ443246	Rift Valley fever virus	GQ443246.1	2008-03-26				Homo sapiens	unknown	756		
GQ443245	Rift Valley fever virus	GQ443245.1	2008-03-26				Homo sapiens	unknown	756		
GQ443244	Rift Valley fever virus	GQ443244.1	2008-03-26				Homo sapiens	unknown	756		
GQ443243	Rift Valley fever virus	GQ443243.1	2008-03-26				Homo sapiens	unknown	756		
GQ443242	Rift Valley fever virus	GQ443242.1	2008-03-26				Homo sapiens	unknown	756		
GQ443241	Rift Valley fever virus	GQ443241.1	2008-03-25				Homo sapiens	unknown	756		
GQ443240	Rift Valley fever virus	GQ443240.1	2008-03-24				Bos taurus	unknown	756		
GQ443239	Rift Valley fever virus	GQ443239.1	2008-03-23				Homo sapiens	unknown	756		
GQ443238	Rift Valley fever virus	GQ443238.1	2008-03-23				Homo sapiens	unknown	756		
GQ443237	Rift Valley fever virus	GQ443237.1	2008-03-23				Homo sapiens	unknown	756		
GQ443236	Rift Valley fever virus	GQ443236.1	2008-03-23				Homo sapiens	unknown	756		
GQ443235	Rift Valley fever virus	GQ443235.1	2008-03-23				Homo sapiens	unknown	756		
GQ443234	Rift Valley fever virus	GQ443234.1	2008-03-23				Homo sapiens	unknown	756		
GQ443233	Rift Valley fever virus	GQ443233.1	2008-03-23				Homo sapiens	unknown	756		
GQ443232	Rift Valley fever virus	GQ443232.1	2008-03-23				Homo sapiens	unknown	756		
GQ443231	Rift Valley fever virus	GQ443231.1	2008-03-23				Homo sapiens	unknown	756		
GQ443230	Rift Valley fever virus	GQ443230.1	2008-03-23				Homo sapiens	unknown	756		
GQ443229	Rift Valley fever virus	GQ443229.1	2008-03-14				Homo sapiens	unknown	756		
GQ443228	Rift Valley fever virus	GQ443228.1	2008-03-11				Homo sapiens	unknown	756		
GQ443227	Rift Valley fever virus	GQ443227.1	2008-03-12				Homo sapiens	unknown	756		
GQ443226	Rift Valley fever virus	GQ443226.1	2008-03-12				Homo sapiens	unknown	756		
GQ443225	Rift Valley fever virus	GQ443225.1	2008-03-12				Homo sapiens	unknown	756		
GQ443224	Rift Valley fever virus	GQ443224.1	2008-03-09				Homo sapiens	unknown	756		
GQ443223	Rift Valley fever virus	GQ443223.1	2008-02-26				Homo sapiens	unknown	756		
GQ443222	Rift Valley fever virus	GQ443222.1	2008-02-15				Homo sapiens	unknown	756		
GQ443221	Rift Valley fever virus	GQ443221.1	2008-02-22				Homo sapiens	unknown	756		
GQ443220	Rift Valley fever virus	GQ443220.1	2008-02-20				Bos taurus	unknown	756		
GQ443219	Rift Valley fever virus	GQ443219.1	2008-02-20				Bos taurus	unknown	756		
